sequence,label
SDMPRAHsFTSKGPG,1
DTEWRSVtLPRDLQS,1
LAKARSLsVQHMSSP,1
RFRPRSNsTETLSPA,1
NGRPRSNsWQGNLGG,1
LSPFRRHsWGPGKNA,1
LPRPRLNtSDFQKLK,1
LQRIRSTsTPNVHMV,1
SVSLRSKtTIRERPS,1
ATRKRRWsAPESRKL,1
EIRSRHSsYPAGTED,1
PFRGRSRsAPPNLWA,1
LSDSYSNtLPVRKSV,1
GQRDRSSsAPNVHIN,1
PEPSRAKsRPLPNMP,1
STDTVEHsLDNKDGP,1
KEKRRHRsHSAEGGK,1
EDINKRLsLPADIRL,1
GIRKRPAtDDSSTQN,1
NPPRRSKsAPPRDLG,1
GFSKHIQsNLDFSPV,1
PGKRRTQsLSALPKE,1
DMKVRKSsTPEEVKK,1
QDTQRRTsMGGTQQQ,1
RASSRASsRPRPDDL,1
PSPARSSsYSEANEP,1
GAVCRSLsTPQFNSL,1
KKILRFRsGSLKLMT,1
KQKERAMsTTSISSP,1
ELLRLAYsEPCGLRG,1
SFRRRHNsWSSSSRH,1
PVRMRRNsFTPLSSS,1
LPRPRSCtWPLPRPE,1
SPRRRAAsMDNNSKF,1
AENARSAsFSQGTRA,1
ATIPRRNtLPAMDNS,1
QPQQQRWsIPADGRH,1
AFKLKSKsCHDLSVL,1
MERRRITsAARRSYV,1
AGVTRRAsDPAQAAD,1
GGGARRAsDPVRRPD,1
GHGVRRAsDPVRTGS,1
RGSLPTFsSSLFLWV,1
GAALTTAsQTTHLEL,1
PKLGRRHsMENMELM,1
TKQTARKsTGGKAPR,1
RPLGRTQsAPLPQNA,1
RPLSRTQsSPLPQSP,1
WPLSRTRsEPLPPSA,1
GLETRRLsLPSSKAK,1
AKAEREAsPADLPID,1
EFRPRSKsQSSSNCS,1
FRLRRAAsALLLRSP,1
FFKRQYKsILQEENR,1
PIYKSAVtTVVNPKY,1
GESSRSGsDGTPGPG,1
GCQESRHsYPPALGS,1
GVRKRSYsAGNASQL,1
LMYFNRTsLPWQGLK,1
KISEKKMsTPVEVLC,1
PRMRRQRsAPDLKES,1
SLSARKLsLQERPAG,1
PRMKRASsLNFLNKS,1
QALRRSSsLSKIRES,1
AGMKRAMsLNTLNVD,1
SNMKRAAsLNYLNQP,1
NNIRKALsFDNRGEE,1
SEEDRSKsAPTSPCD,1
GDLFTRLsKEVMFTE,1
TRLRRTEsVPSDINN,1
ISRIKSYsFPKPGHR,1
GEYRSLEsDNEEKAF,1
SSFPQSAsLPPYFSQ,1
ARRPRARsVDALDDL,1
DYSDGRRtFPRIRRH,1
SPPKRCLsYGGTSQL,1
HKVQRSVsANPKQRR,1
RGVSSRStFHAGQLR,1
SSRRRAIsETEENSD,1
PDCRRTIsAPVVRPK,1
SGKMRPRsLEVTIST,1
VRLRRNAsSAGRLQG,1
LKRERSMsENAVRQN,1
LKAALLKsLRSRLRD,1
LFTQRQNsAPARMLS,1
QRLFRSPsMPCSVIR,1
AFAQRPSsAPDLMCL,1
SGLYRSPsMPENLNR,1
LCLKKTVsLCDITIT,1
PAFLHSPsCPAIISS,1
ALEVRRQsLATKIQA,1
AGVTRSAsSPRLSSS,1
SKSNSRKsKSPIPGQ,1
SSRLRSCsVTDAVAE,1
PALSRRGsLGEEGSE,1
DQVQRRGsLPPRQVP,1
VPAGPRMsGAPGRLP,1
GRRGRLPsKPKQPPD,1
AAKRKRLsDSIMNLN,1
CMDNRTFsYPGVVKT,1
SPFKRQLsLRINELP,1
EQLVRQGsFRGFPAL,1
PGGSRAHsSHLKSKK,1
YIGRKKIsPPTPKPR,1
KSREFIGsFLEMFGP,1
IPKRLRRsLPPGLLR,1
KEILRQMsSPQSRNG,1
VRSLRVDsEPVLVHC,1
PKINRSAsEPSLHRA,1
LKLVRPVsVPSSKKP,1
VIHLRSKsDPGKTGL,1
DYQTRYRsDPNLARY,1
RPLLRSMsAAFCSLL,1
QRHGRSQsLPNSLDY,1
DWLMRSFtCPSCMEP,1
VRRPRPLsEPPRPT-,1
AGLRRANsVQASRPA,1
PRLRSVSsYGNIRAV,1
ELRKRRVsQDLEVEK,1
MSRARIGsDPLAYEP,1
SFLVRKPsDPNRKPN,1
PSCQRRHtLPASEFR,1
TAERLIQsHPESAED,1
PSHDRSRtVSASSTG,1
SPLKRSHsLAKLGSL,1
SNLTRSSsSDSIHSV,1
KELERLKsVPADPAP,1
SPTRNMTsPIADFPA,1
KVTSKCGsLGNIHHK,1
GSRSRTPsLPTPPTR,1
RPMRKSFsQPGLRSL,1
AFRRRANtLSHFPIE,1
RDCSRRSsPVYVGRV,1
RFRDRSFsEGGERLL,1
PRLQHSFsFAGFPSA,1
YSIRHSIsMPAMRNS,1
YWARRGFsLDSAVPE,1
TALYKSLsVPAASTA,1
SFRARSTsLNERPKS,1
PVLRQSIsFSGLPSG,1
RFIGRRQsLIEDARK,1
GLGCRLHsAPNLSDL,1
QYVKRRKsPVCGFVT,1
KKRLRKPsREDDLLA,1
KKMNRSVsLTIY---,1
PQHVRAHsSPASLQL,1
ARGLRSGtYGDRTES,1
RSRSLSFsEPQQPAP,1
PSGALSKsAPGSFWH,1
NGRTRAYsGSDLPSS,1
LVGVTSSsCPADLTQ,1
PRPQRSCsLDLGDAG,1
AWARRSHsVHGGLLG,1
GKVKRKPsVPDSASP,1
REGTRVQsVEQIREV,1
LPLYTSPsLPNITLG,1
IGSSFYPsAEGRAMS,1
KDRWRSMtVVPYLED,1
YLSMRRHtVGVADPR,1
GPLGRRAsDGGANIQ,1
RHIFRRRsAGELPAA,1
WENLHQQtPPKLTAY,1
DGRQRRPsTIAEQTV,1
RLKSHRSsFPVEQRL,1
SVRSAPSsAPSTPLS,1
KDRPRKKsAPETLTL,1
RCAKRRGsTCVLAGM,1
ATKVARKsAPATGGV,1
NLRRRSRsFTCNEFQ,1
PGLYKSSsADSLSTT,1
PRFSIAPsSLDPSNR,1
TLRRSNVsRKRSSSL,1
ARRARSKsLVMGEQS,1
QYNCRQFsSPEDCLS,1
PVLERSKsAPALLTA,1
GLRKRTYsLTTPARQ,1
STTRPWRsAPPSPPP,1
PPRRRPEsAPAESSP,1
GSERRSTsFPLSGPP,1
SYHLRRYsTP-----,1
PMRFRSAtTSGAPGV,1
LVKKKSNsISVGEFY,1
RYRSRGSsRPDRSPA,1
PAAPRSRsLGGAVGS,1
AMGLRSRsVSSVAGM,1
SPKVRRHsSPSSPTS,1
ECIQRGVsPSQAQGL,1
FKKEKAKsCSIM---,1
IHKDRAKsCNLM---,1
LRKDKAKsCTVM---,1
RAANLWPsPLMIKRS,1
FERGRRGsKKGSIDV,1
EMRHRFQtQQLLEMC,1
-MGPRRRsRKPEAPR,1
MSVTRSNsLRRDSPP,1
EYNDGRKtFPRARRT,1
SKKGQSTsRHKKLMF,1
RLTGRSTsLVEGRSC,1
GKSARSSsFTSGERE,1
NAPMRSVsENSLVAM,1
CREYREEsIDDGDGP,1
QMGRSLAsVPQQNGF,1
PRRVRAStLDTTSKA,1
ISLPSFItPPRNSKI,1
KHRRFVKsNWGLFKK,1
VHTWKSNsLPLRFWV,1
KGHSRTPsSPSVSSI,1
RPVERSNsCPELVLG,1
TSRRRAQsLGLLGDE,1
PASPRPAsPCGKRRY,0
EEGTASGsDGNFSED,0
EEQNRAEsECPGMNT,0
SSAGWKNsIRHNLSL,0
FGLMEKDsYPRFLRS,0
SHMRHSDsISSLASE,0
RHSDSISsLASEREY,0
LKKLRKKsQGSKNPQ,0
GKRSRSPsSPRHAPR,0
LKSKKGQsTSRHKKL,0
KKTPPRKsASLSNLH,0
DLAHSSEsQETISSM,0
SLERRSSsSSSISSA,0
SLLGRSGsYSYLEER,0
LLRERKSsAPSHSSQ,0
GLRPRGYtISDSAPS,0
PNIKRELtACIFPTE,0
PPAPRGRtPPNLLST,0
LPNHKSGsYPTPSPC,0
EPRSRHLsVSSQNPG,0
VRDRLLQsNPVLEAF,0
PRKSASLsNLHSLDR,0
IRLRHRRsRSAGDRW,0
LRTMTTNsSDPFLNS,0
KTSSRRSsMSMEETE,0
QKVAERRsSPLLRRK,0
NVRVSNGsPSLERMD,0
AYQKRKEsMPRKARR,0
SYTPTPRsPRFIGRR,0
SQPLSKSsSSPELQT,0
AARRSYVsSGEMMVG,0
WDAKKLSsSSSRPRS,0
QDMHQKLsFGPRYGF,0
VLGRLSYsIISNLDE,0
PKTDPSDsQTGLAEQ,0
NPANRLGsGPDGAEE,0
GPPVRRAsEARMSSS,0
GRELRRMsDEFVDSF,0
SRISVSRsTSFRGGM,0
KSHSRQAsTDAGTAG,0
ESQDVSGsRPAAPLI,0
SSSSRPRsCEVPGIN,0
ETPDQVGsQRFSVNM,0
AQHLRQSsFEIPDDV,0
RYTRHIDsSPYSPAY,0
EGGKSGKsPRRRAAS,0
HTLLYGTsPLNRQKL,0
HKETRERsMSETGTA,0
AAAAREHsPRPAEEP,0
KPLIAKPsAKLLFVN,0
DDQRASFsNLPGLRL,0
VKDEEGEsGAEEGPD,0
ALLEFKNsGKKSADH,0
DGLLRVLtVPCQKIG,0
GIISRIKsYSFPKPG,0
QGNRQEStVSFNPYE,0
ENYYKAQtHGKWPVK,0
DFRTYRLsLLEEYGC,0
TPNVHMVsTTAPMDS,0
QKTRRTSsEQAVALP,0
PSLPTPPtREPKKVA,0
--MAANLsRNGPALQ,0
LVDPACItSIQPGAP,0
PITPNWRsPRLRHEI,0
PCTPRLRsVSSYGNI,0
EDKNLTGtARYASIN,0
DEENGPPsSPDLDRI,0
-MNSPNEsDGMSGRE,0
LSDSRTLsSSSMDLS,0
HTFSHPPsSTKRKLN,0
AYGAGLLsSIGELKH,0
PAEEPAPsTPPCLVQ,0
ASQSSLEsSTGPPCI,0
PWSLYGPsPGGRGPE,0
AAASSPVtTLTQTMH,0
AQGPRSIsVSALPAS,0
NTEFRDStYDLPRSL,0
GQSFRSFsFEKPRQP,0
PVRSRSLsFSEPQQP,0
ENEESAGtDSGQELG,0
PRPKSAGtATQMRQS,0
AFRCRSIsVSEHVVR,0
TVDDPYAtFVKMLPD,0
KDGNVVTsFKKRMFE,0
LADYWKCtSCNEMNP,0
PAHTKTKsVTRQDIS,0
HILQGLLsPRHSLTG,0
LVGDVGQtVDDPYAT,0
GTELVLLtAAPPPPP,0
TSFAREGsFRLSGGG,0
ARSLIMDsPRAGTHQ,0
PVPEGPTsPRGGLQC,0
SQVKENLsPAKICPY,0
DSTPPPGtRVRAMAI,0
KSAPETLtLPDPEKK,0
NVHMVSTtLPVDSRM,0
AKVVAIVsRRSRSTS,0
KSPSSAKsRLQTAPV,0
PASGSSPsEEDRSKS,0
DKAPRTLsASTQDLS,0
DSDYEMDsSSRSHLR,0
PSPFRGRsRSAPPNL,0
FSEGLSDtCIPLHAS,0
RSPSKRRsQIDTDYA,0
CIATVRSsGKLVAVK,0
NTAPSPSsPTSPTSD,0
KTDLRFQsSAVMALQ,0
APSSAPStPLSTDAP,0
AGDGPSGsGKHHRQA,0
SPSPTSPtATSTTPS,0
LELCRRRsLLELHKR,0
RSGQRRHtLSEVTNQ,0
AGLKKQEtPDQVGSQ,0
TYGQSSMsPLPQMPI,0
VSSPTVNtTLRNLGA,0
DLSSDSEsHLPEEPA,0
NMAFKLKsKSCHDLS,0
LLTLEEKtAANLDSA,0
SAPSSAPsTPLSTDA,0
NNFPKNQtPVRMRRN,0
SPRSSFAsSSASDAS,0
QEQGGEAsPQRTWEQ,0
AKEELLPtAETKASF,0
KWSGSPCsRNREEAD,0
WGFKEKRtEARSSDE,0
GELKHALsDKACVKA,0
SESTGTPsNPDLDAG,0
QKSSSSVsPSSNAPG,0
TDYALRRsPIKTIQI,0
ATYLRQPtYCSHCRD,0
HVSPTPAtTSPGEKG,0
QSDTAVGtVGAGGKK,0
SANLSILsGGTPKRC,0
PATTEGGsLTPVRDS,0
ILGACKTsISRKGNM,0
FQAGHRRtPSEADRW,0
NSFTPLSsSNTIRRP,0
PRGPILGsPHTPLFL,0
RKSPHSKsPAEQRER,0
GLMQRSSsFPYTTKG,0
PALSQKNsPFKRQLS,0
RKVLDANsCQSELHE,0
GVPLHPQsPLATKER,0
FRQSLLGsRRGRSSL,0
VSRGLSAsTMDLSSS,0
-----MAsSSGSKAE,0
ASVAVEWsGDGSGTL,0
TPGQLLKtWCGSPPY,0
TPSPPRPtLAREDNE,0
GQAQSAAsGAEQTEK,0
RRRDQEGsVGPSDFG,0
IVNDSREsCVEENDD,0
RALQRHHtIQNSDDA,0
LEGGSLKsPPPFFYR,0
SPSTNRTtPVSTPPL,0
PVKTRRHsWRQQIFL,0
NAVPSGTsYGKLWTN,0
PRSSFASsSASDASK,0
TEDINACtLTTSPRL,0
VSFNRLTsLPLGALR,0
PSHSRANsADSTYDA,0
AERGLGPsPAGDGPS,0
KKVVRKLsFHVYEDE,0
TSVNADPtKGLLRNG,0
GGGHRAGsRAHGHGR,0
-MARTKQtARKSTGG,0
FREAKPRsLRFTWSM,0
PRTPPPPsRKVFQLL,0
APAGRARsSTVTGGE,0
RLRSCSVtDAVAEQG,0
ASSKGRKsGGGPEAG,0
SSSTRRSsEDLSAYA,0
DEDSGKGsQPPSPPS,0
EKMSMEIsIHRSLAH,0
SQPPSPPsPAPSSFS,0
KAHEKTHsPLKPYGC,0
LALDFQPsSPSPHRK,0
TVHKKQRsYDVISPI,0
WQEVEKGsLPEFYYR,0
MFRPRTQsNLSVPGS,0
LKNRPCLsPKHPTPG,0
PRLGPELsPSPTSPT,0
VPKAERLsPPAPSGS,0
HDPNVAKtKNNLASA,0
QPGHVSPtPATTSPG,0
SSSASMDtVTSSSSS,0
SDYEMDSsSRSHLRA,0
PAPSSFSsTSVSSLE,0
LWRQQTDsSLQQPVD,0
VGKQAPLsPGLPAMG,0
EPSSRLRsCSVTDAV,0
SQSKLSDsYSNTLPV,0
VASPMNKsPSAMQQQ,0
YLGDAFGsPQTDHGF,0
GPALQPSsPSSAPSA,0
LLSAPGPtPASPRPA,0
SQTNGGPsPTPKAHP,0
APAPAAPtPAAPAPA,0
GGLVRTPsVQSLGSD,0
STAKVPAsPLPGLER,0
ASSAESVsQVTAKEE,0
YLHKKGGtQLQLLKW,0
ELCRTFHtIGFCPYG,0
NKTLPRSsSMAAGLE,0
NVVEMYNsYLVGDEL,0
PEEPAPLsPQQAFRR,0
LPEEADGtDTHLGLP,0
QFSKWPAsPGSHSND,0
PLSRAQSsPASATFP,0
ISENPLItLREFMKY,0
RKKRVEIsAPSNFEH,0
APESADDsPSQLSKW,0
NMRNRTLsVESLIDE,0
TDLRFQSsAVMALQE,0
SLNMRNRtLSVESLI,0
VKFPRSHtTGHSVVL,1
INRTRTMsVFDNVSP,1
LQQTRRGsEDDTYSS,1
VFDGIEGsYVAENVE,1
QIARKYSsCSTIFLD,1
GEEHRAAsSPDGQLM,1
FGLARAKsVPTKTYS,1
TQYIRHAsSPMHSPE,1
TQYVRHSsDPFYTPE,1
SEPRASAsRPQPAPA,1
FSSRSYTsGPGSRIS,1
SCHQRSKsDPSRLVR,1
GSNEYLRsISLPVPV,1
YSVMRSHsYPPTRVL,1
TPVRRCRsLPSSPEL,1
CEGRSAGsIPGERST,1
RPLSRAQsSPASATF,1
PMSPKSVsAPQQIIN,1
SKLTHSLsTSDITAI,1
GSRNTKKsVNNQYCK,1
LDISRSStPPLANPT,1
YSSNRSAsSEQDNSD,1
RRLLFACsPPPASQP,0
NLQRMGSsESTDSGF,0
GSSESTDsGFCLDSP,0
DSGFCLDsPGPLDSK,0
PQKLLGCsPALKRSH,0
PALKRSHsDSLDHDI,0
VLKRPERsQEESPPG,0
GSTKRRKsMSGASPK,0
TKRRKSMsGASPKES,0
QSLSLASsPKGTIEN,0
KFRTKSRtWAGEKSK,0
RTWAGEKsKREMYSR,0
KSKREMYsRLKKL--,0
KLRRNAHsRLESYRP,0
NAHSRLEsYRPDTDL,0
LESYRPDtDLSREDT,0
YRPDTDLsREDTGCN,0
TDLSREDtGCNLQHI,0
PSDHPRAsTIFLSKS,0
RASTIFLsKSQTDVR,0
STIFLSKsQTDVREK,0
IFLSKSQtDVREKRK,0
DVREKRKsLFINHHP,0
DENLHPLsKSEVPPD,0
RRSARKRsASADNLT,0
